EST,Biomass_t,Ba,OFL,ABC
Biom_est,31242.7,148774.76190476192,5951,4463
Biom_LL,22613.1,107681.42857142857,4307,3230
Biom_UL,43165.7,205550.95238095237,8222,6167
